<assembly
	xmlns="http://maven.apache.org/plugins/maven-assembly-plugin/assembly/1.1.0"
	xmlns:xsi="http://www.w3.org/2001/XMLSchema-instance"
	xsi:schemaLocation="http://maven.apache.org/plugins/maven-assembly-plugin/assembly/1.1.0 http://maven.apache.org/xsd/assembly-1.1.0.xsd">

	<id>source-etudiants</id>
	<baseDirectory>${project.name}_Nom1_Nom2</baseDirectory>
	<formats>
		<format>tar.gz</format>
	</formats>
	<fileSets>
		<fileSet>
			<directory>${basedir}/src/main/resources</directory>
			<outputDirectory>/</outputDirectory>
			<includes>
				<include>pom.xml</include>
			</includes>
		</fileSet>
		<fileSet>
			<directory>${basedir}/src</directory>
			<outputDirectory>/src</outputDirectory>
			<useDefaultExcludes>true</useDefaultExcludes>
			<excludes>
				<exclude>**/main/resources/**</exclude>
				<exclude>**/*Corrige.java</exclude>
			</excludes>
		</fileSet>
	</fileSets>

</assembly>