
<assembly xmlns="http://maven.apache.org/plugins/maven-assembly-plugin/assembly/1.1.0" 
  xmlns:xsi="http://www.w3.org/2001/XMLSchema-instance"
  xsi:schemaLocation="http://maven.apache.org/plugins/maven-assembly-plugin/assembly/1.1.0 http://maven.apache.org/xsd/assembly-1.1.0.xsd">
  
    <id>source-corrige</id>
  
    <formats>
        <format>tar.gz</format>
    </formats>

    <fileSets>
        <fileSet>
            <directory>${basedir}/src/main/resources</directory>
            <outputDirectory>/</outputDirectory>
            <includes>
                <include> pom.xml </include>
            </includes>
 <!--
 <excludes>
                <exclude>*Corrige.java</exclude>
            </excludes>
            -->
        </fileSet>
        <fileSet>
            <directory>${basedir}/src</directory>
            <outputDirectory>/src</outputDirectory>
            <useDefaultExcludes>true</useDefaultExcludes>
             <excludes>
                <exclude>**/main/resources/**</exclude>
            </excludes>

        </fileSet>
    </fileSets>
      
</assembly>